twoTheta,Intensity
10.004629717920249,14.451612903225806
10.014587754197978,14.516129032258064
10.02442190594641,15.064516129032258
10.034400896982136,14.161290322580646
10.044691862454968,13.774193548387096
10.054628776336633,13.870967741935484
10.064628470673265,15.290322580645162
10.074415097030553,13.612903225806452
10.084440607629041,14.193548387096774
10.09452479154993,15.903225806451612
10.104557678223232,15.548387096774194
10.114451006208258,16.161290322580644
10.124476349168681,17.032258064516128
10.1346339585616,15.903225806451612
10.144504403950888,17.06451612903226
10.154480796596625,17.64516129032258
10.16476053031917,14.548387096774194
10.174659809455465,14.483870967741936
10.184588509071993,14.548387096774194
10.194401370786297,15.903225806451612
10.204599297133608,14.774193548387096
10.214404196039872,14.225806451612904
10.224724581992938,14.612903225806452
10.23443635795465,15.290322580645162
10.244676612913121,13.96774193548387
10.254590057465824,14.741935483870968
10.264443152315488,13.870967741935484
10.274618698981257,14.290322580645162
10.284420328945274,14.548387096774194
10.294590092097833,12.161290322580646
10.304471601599344,14.64516129032258
10.314516055299064,13.67741935483871
10.324496806534466,12.806451612903226
10.33467101209572,13.225806451612904
10.344586719762288,14.548387096774194
10.354455404951905,14.870967741935484
10.364603458975177,13.806451612903226
10.374782106945128,14.96774193548387
10.384538474631865,13.774193548387096
10.394550825642328,13.838709677419354
10.404558818063128,13.64516129032258
10.414403279552497,12.806451612903226
10.424678487047313,13.870967741935484
10.434411804500249,13.548387096774194
10.44462691374912,14.0
10.454628200647361,14.64516129032258
10.46464658662813,13.064516129032258
10.474449557696657,13.741935483870968
10.484622505972434,14.03225806451613
10.494412149814872,13.419354838709678
10.504595826926744,15.483870967741936
10.514447580671897,13.548387096774194
10.524781629127176,14.161290322580646
10.534489633232448,13.419354838709678
10.544593933721018,13.580645161290322
10.554426073812682,13.161290322580646
10.56455635820117,12.64516129032258
10.57440392099472,13.96774193548387
10.584552142656056,14.129032258064516
10.594430886129514,14.387096774193548
10.60470986548077,12.806451612903226
10.614791870106824,13.838709677419354
10.624550500907425,15.258064516129032
10.63449076755037,15.419354838709678
10.64472222151048,15.290322580645162
10.654788635796585,14.935483870967742
10.664521366516297,15.483870967741936
10.67456137780732,16.580645161290324
10.68449435219448,15.612903225806452
10.694473343230209,16.516129032258064
10.704723572653489,16.322580645161292
10.714717986391104,15.838709677419354
10.724544426788594,15.32258064516129
10.734440017887481,15.67741935483871
10.744548676965714,14.774193548387096
10.754400011615704,13.483870967741936
10.764708243809128,15.290322580645162
10.774667872648465,14.774193548387096
10.78458852563792,14.806451612903226
10.794546394277585,14.258064516129032
10.804653293156145,13.096774193548388
10.814422568973809,13.193548387096774
10.824574646310618,12.67741935483871
10.834474595999168,13.903225806451612
10.84459959978864,12.516129032258064
10.854606167285898,12.870967741935484
10.864502931851233,14.064516129032258
10.874479827411161,12.419354838709678
10.884704743486777,13.96774193548387
10.89446899016252,12.516129032258064
10.904662725558232,12.935483870967742
10.914468965569009,12.806451612903226
10.924473521409498,12.741935483870968
10.934450919883616,13.225806451612904
10.944482716909505,14.451612903225806
10.954440753187233,14.612903225806452
10.964503311797865,13.129032258064516
10.974484733585522,13.096774193548388
10.984773603582553,13.64516129032258
10.994408517491921,13.741935483870968
11.004637875976233,12.67741935483871
11.014586105427217,13.290322580645162
11.024446157256538,12.774193548387096
11.034548446088337,13.096774193548388
11.044585272256144,14.96774193548387
11.054451275236737,15.064516129032258
11.064588684242946,15.129032258064516
11.07454948654873,17.483870967741936
11.08442177595672,20.096774193548388
11.094499338174082,22.870967741935484
11.104414123831297,28.677419354838708
11.114441478448489,39.32258064516129
11.124717859409753,37.70967741935484
11.134460564594272,26.29032258064516
11.14478732079377,19.612903225806452
11.15464653443277,15.64516129032258
11.164550172158728,13.903225806451612
11.174403099370329,13.580645161290322
11.184764472830041,12.96774193548387
11.194683700895952,12.806451612903226
11.204631678889841,13.064516129032258
11.214659620240257,13.935483870967742
11.22451179308057,13.225806451612904
11.23468448989925,13.419354838709678
11.244607406002569,13.903225806451612
11.254648590760041,15.419354838709678
11.264790442174945,13.67741935483871
11.274632640550449,14.580645161290322
11.284640549152217,13.64516129032258
11.294412590997936,13.516129032258064
11.304491829595937,14.193548387096774
11.314500492568992,14.096774193548388
11.324698670373401,12.774193548387096
11.334744968091824,12.419354838709678
11.344680540868977,14.064516129032258
11.354536569384761,11.580645161290322
11.364672218191297,12.64516129032258
11.374465885347274,13.419354838709678
11.384724580492785,12.483870967741936
11.394682197675353,14.290322580645162
11.404627661098282,13.419354838709678
11.414467763997985,13.451612903225806
11.42462478665768,13.96774193548387
11.434587768258297,14.225806451612904
11.44459961635457,13.096774193548388
11.454411472240489,12.290322580645162
11.46468391370725,13.838709677419354
11.47444380179333,13.387096774193548
11.484667712040562,13.806451612903226
11.494564057510736,13.451612903225806
11.504437352747113,13.0
11.514667549421745,12.387096774193548
11.524510083073377,12.612903225806452
11.534534001110258,13.35483870967742
11.544467729868705,12.64516129032258
11.55458200482208,13.709677419354838
11.564484049986433,13.451612903225806
11.574624895572953,12.935483870967742
11.584491066191609,12.096774193548388
11.594580614530544,11.774193548387096
11.604660272223706,12.35483870967742
11.614438600496825,13.35483870967742
11.624636275387042,12.870967741935484
11.63462951565821,13.516129032258064
11.644523849471616,13.32258064516129
11.654557993430402,13.483870967741936
11.66457679850633,13.193548387096774
11.674438442897257,14.419354838709678
11.684461187467688,13.516129032258064
11.694600356673568,13.129032258064516
11.704466024378032,12.903225806451612
11.714466473085952,13.290322580645162
11.724799683350913,13.67741935483871
11.73443493253641,12.709677419354838
11.744670996543281,14.193548387096774
11.754468351736666,14.580645161290322
11.764678348024585,14.580645161290322
11.774519540571704,13.193548387096774
11.78443340421957,13.516129032258064
11.794499902324706,13.451612903225806
11.804442683538609,13.451612903225806
11.814673047851304,11.548387096774194
11.824573248996954,11.903225806451612
11.83444662805236,13.03225806451613
11.84456350139573,12.419354838709678
11.854438640650809,12.483870967741936
11.864566326649305,13.0
11.87443702349569,12.96774193548387
11.884551214630033,12.03225806451613
11.894489721073304,12.870967741935484
11.904561080682297,12.483870967741936
11.914536635137713,11.903225806451612
11.924660716917833,12.483870967741936
11.934526216984233,12.064516129032258
11.944419880245386,13.03225806451613
11.954665667259968,12.096774193548388
11.964513230053521,12.774193548387096
11.974676455321585,12.225806451612904
11.984764243460848,12.32258064516129
11.994403264502784,11.709677419354838
12.004461464523754,13.064516129032258
12.014432744208538,12.516129032258064
12.02458876103985,13.580645161290322
12.034430959415353,11.96774193548387
12.044583288209257,11.870967741935484
12.054445854609536,13.064516129032258
12.064747046004273,13.258064516129032
12.074666693165344,12.774193548387096
12.084621879595986,13.0
12.094402722440066,12.129032258064516
12.104726796430537,14.0
12.11441636034877,12.129032258064516
12.124668433790752,12.161290322580646
12.13453133546716,13.290322580645162
12.144457855788858,12.225806451612904
12.154751503470713,12.709677419354838
12.164460178128241,11.548387096774194
12.174498848314753,13.0
12.184695014462394,12.225806451612904
12.194470492888424,13.451612903225806
12.204670095616377,12.806451612903226
12.214450100270136,12.548387096774194
12.22462832914493,12.0
12.234401795914193,13.161290322580646
12.244567032839026,12.612903225806452
12.254451140730529,13.290322580645162
12.264738837261113,12.67741935483871
12.274746829681913,12.774193548387096
12.284757755768833,12.67741935483871
12.294510016323,12.161290322580646
12.304432261874066,12.129032258064516
12.314633960077817,13.96774193548387
12.324533658309273,12.03225806451613
12.334474008771249,12.0
12.34468492706852,12.935483870967742
12.354470128502266,12.451612903225806
12.3644507120996,13.516129032258064
12.374434983734345,11.32258064516129
12.384621007779113,13.548387096774194
12.39441174126897,12.290322580645162
12.40456096875869,13.64516129032258
12.414446333935674,11.96774193548387
12.42477065938324,13.35483870967742
12.434663149177945,13.161290322580646
12.444703160468968,11.96774193548387
12.454570756011169,13.0
12.464672793385873,11.903225806451612
12.474725545169761,12.516129032258064
12.484400859852553,12.225806451612904
12.494591745401177,12.451612903225806
12.504475518016553,12.870967741935484
12.514403630899857,12.64516129032258
12.524452778465369,11.580645161290322
12.53456479030488,12.774193548387096
12.54451201392748,11.774193548387096
12.554584127907761,13.225806451612904
12.564416351818457,12.64516129032258
12.57471201115708,13.709677419354838
12.584598130705354,12.96774193548387
12.594451812288241,12.935483870967742
12.604630041163032,12.064516129032258
12.614406273960354,12.709677419354838
12.624603278298313,13.03225806451613
12.63444396793124,12.548387096774194
12.64456754679717,12.258064516129032
12.65441334939105,12.451612903225806
12.664472722878465,11.806451612903226
12.67445288738064,12.548387096774194
12.684625835656417,13.225806451612904
12.694485300752513,11.483870967741936
12.704468482739841,12.451612903225806
12.714613184001832,12.709677419354838
12.724658643529937,11.64516129032258
12.734512828027016,11.516129032258064
12.744645543167433,12.774193548387096
12.754418087927345,12.096774193548388
12.764647027316498,12.419354838709678
12.774471036962057,12.806451612903226
12.784678853955144,13.935483870967742
12.794666729808265,12.870967741935484
12.804560309250386,13.870967741935484
12.81452069246101,11.774193548387096
12.82454720888788,11.387096774193548
12.834479009808593,12.290322580645162
12.844701327494217,12.096774193548388
12.854529779548473,12.290322580645162
12.864428891046705,12.806451612903226
12.874654729131674,12.193548387096774
12.884553253896682,11.903225806451612
12.89461145391765,11.741935483870968
12.904546188504481,12.225806451612904
12.914634814834065,11.96774193548387
12.924558233851577,13.0
12.934760518788552,12.419354838709678
12.944500793221145,12.35483870967742
12.954539295769592,13.129032258064516
12.964474868546745,12.741935483870968
12.974709256172977,12.483870967741936
12.984406196166026,11.741935483870968
12.994409662359097,12.32258064516129
13.004582526815842,11.96774193548387
13.014507035480769,12.483870967741936
13.024533132812481,11.548387096774194
13.034593093033122,10.709677419354838
13.044682809010121,12.0
13.054659285474889,12.32258064516129
13.064492263756874,12.96774193548387
13.074445606168808,11.451612903225806
13.084462148130873,12.290322580645162
13.094435188015328,12.387096774193548
13.104520629221698,13.225806451612904
13.114424350766688,11.709677419354838
13.124772899914506,10.96774193548387
13.1347036111878,11.129032258064516
13.144492500658952,11.129032258064516
13.154747759224152,11.774193548387096
13.164544276227216,10.67741935483871
13.174426288642922,12.03225806451613
13.184719601048648,11.935483870967742
13.194497845502736,12.161290322580646
13.204435010841497,11.709677419354838
13.214537886406521,11.96774193548387
13.224428616001553,12.225806451612904
13.234653448258136,11.32258064516129
13.24452070852421,11.451612903225806
13.254592738685457,11.451612903225806
13.264762501838018,11.419354838709678
13.274767476773665,12.096774193548388
13.284554857502242,10.741935483870968
13.294406275971266,10.64516129032258
13.304697828177321,10.580645161290322
13.314623091213537,10.935483870967742
13.324403179686328,10.935483870967742
13.334502451032977,11.35483870967742
13.34467606986101,11.709677419354838
13.354504438096233,12.064516129032258
13.364416541544426,10.96774193548387
13.374756792608073,10.67741935483871
13.384560601866921,11.161290322580646
13.394533474113313,11.806451612903226
13.404404506235824,11.419354838709678
13.414516518075336,10.870967741935484
13.424415294297441,12.129032258064516
13.434652196494634,12.225806451612904
13.444493305222721,11.03225806451613
13.454486461674858,12.129032258064516
13.464631162936849,12.03225806451613
13.47445098163081,11.741935483870968
13.484609093937921,11.35483870967742
13.494408879883233,11.258064516129032
13.504711663839577,12.03225806451613
13.514421595782585,11.774193548387096
13.524666041692656,11.290322580645162
13.534707561726258,10.741935483870968
13.544528302429569,12.03225806451613
13.554610055598529,12.451612903225806
13.564562811277241,11.903225806451612
13.57460223583504,10.709677419354838
13.58466261515084,11.0
13.594557619516506,11.67741935483871
13.60455790058636,13.193548387096774
13.614474697900345,12.516129032258064
13.62455334976512,11.161290322580646
13.634482133200681,10.96774193548387
13.644516780073657,12.0
13.654400804146128,10.35483870967742
13.664622954193689,11.64516129032258
13.674466326035642,13.387096774193548
13.684556964021994,14.580645161290322
13.694607871787177,12.129032258064516
13.70452458528213,12.451612903225806
13.71458161183665,11.709677419354838
13.72456236307205,11.741935483870968
13.734457283618681,12.0
13.744670716486914,12.806451612903226
13.754472011174801,13.612903225806452
13.764517051607745,12.0
13.774520769257913,12.451612903225806
13.784593721428513,12.741935483870968
13.794425023329858,13.290322580645162
13.804611298831722,13.774193548387096
13.814472943222649,14.064516129032258
13.824777487378665,14.516129032258064
13.834563107907568,14.64516129032258
13.844748293762017,14.935483870967742
13.854418327845792,14.483870967741936
13.864743659121745,15.064516129032258
13.874526094527432,15.580645161290322
13.88441372281828,16.193548387096776
13.894631346638112,15.419354838709678
13.904627017661209,16.129032258064516
13.914408111962384,15.451612903225806
13.924582904256866,15.741935483870968
13.934506155636313,15.96774193548387
13.944561170534065,15.612903225806452
13.954639151846585,15.096774193548388
13.964602217266233,14.870967741935484
13.974600151403193,13.838709677419354
13.98450739334753,12.419354838709678
13.994652932799841,12.096774193548388
14.004769722324177,12.838709677419354
14.014421232401881,12.32258064516129
14.024699625019913,13.516129032258064
14.034417771228057,12.129032258064516
14.044440683436553,13.35483870967742
14.054681860404378,13.67741935483871
14.064459769582337,12.129032258064516
14.074589299599538,12.870967741935484
14.084567033349785,15.03225806451613
14.094484333577961,15.548387096774194
14.104559967957584,15.32258064516129
14.114505766656642,19.612903225806452
14.124610653878433,21.129032258064516
14.13454513700817,23.806451612903224
14.144484062546601,25.70967741935484
14.1545088187738,27.096774193548388
14.164520499232008,28.322580645161292
14.174447187191769,40.67741935483871
14.184637402188137,62.0
14.19457557335528,59.03225806451613
14.204447192211017,36.903225806451616
14.214547888481208,22.677419354838708
14.224419507336945,17.161290322580644
14.234666467817977,14.741935483870968
14.24451662900152,14.064516129032258
14.25445664418737,13.35483870967742
14.264644344612776,12.225806451612904
14.274422589066864,11.419354838709678
14.284575336955928,12.161290322580646
14.294517028522417,12.161290322580646
14.304405997917778,11.903225806451612
14.314655389150737,12.387096774193548
14.324407984981033,12.451612903225806
14.334609431727689,12.741935483870968
14.344519355881049,12.03225806451613
14.35454042407084,12.419354838709678
14.364609688204032,12.67741935483871
14.374509721711616,11.935483870967742
14.384440013889753,12.064516129032258
14.394642969378985,12.64516129032258
14.404547026200104,11.806451612903226
14.414570106046664,12.451612903225806
14.424511043241864,11.096774193548388
14.434506462807866,12.548387096774194
14.444420913188953,12.774193548387096
14.454562429327728,12.096774193548388
14.464600848057145,12.258064516129032
14.474435418900738,12.774193548387096
14.484609792100057,12.451612903225806
14.494571097320033,12.709677419354838
14.504579676474057,11.161290322580646
14.514404021395745,12.290322580645162
14.52471770182625,11.64516129032258
14.534444481394688,12.387096774193548
14.544652214568744,12.548387096774194
14.554604299695201,11.516129032258064
14.564574322094504,12.419354838709678
14.57452841887773,13.483870967741936
14.584426105452417,10.806451612903226
14.59449201682433,11.774193548387096
14.604402192434785,12.32258064516129
14.614537086870033,12.806451612903226
14.62456838098173,15.32258064516129
14.63444695681712,15.225806451612904
14.644741610327362,16.806451612903224
14.654425977465609,19.580645161290324
14.664733371468714,17.870967741935484
14.674423857396297,18.06451612903226
14.684577359656648,18.161290322580644
14.694409667386378,17.35483870967742
14.704710607324017,18.129032258064516
14.714506118498697,20.258064516129032
14.724607820597273,19.774193548387096
14.734512128875489,19.612903225806452
14.744561192621969,20.870967741935484
14.754425267764825,22.838709677419356
14.76463752716661,20.29032258064516
14.774442509891905,20.451612903225808
14.784657200045617,19.322580645161292
14.794434103395194,18.129032258064516
14.804525831028961,15.838709677419354
14.814547402132945,14.35483870967742
14.824580875539473,15.225806451612904
14.83450622239472,13.516129032258064
14.844652851494448,12.516129032258064
14.854467138132296,13.516129032258064
14.864513771126848,13.741935483870968
14.87448119513616,16.70967741935484
14.884668308828346,13.838709677419354
14.89467102065013,11.741935483870968
14.90458723123089,14.03225806451613
14.91465389697409,12.612903225806452
14.924441277702664,13.67741935483871
14.934407863521656,11.741935483870968
14.94462045819957,12.451612903225806
14.954605987119793,11.838709677419354
14.964507697008017,11.741935483870968
14.974419213722985,10.838709677419354
14.984730295763496,13.516129032258064
14.9944509565426,10.451612903225806
15.0047334562932,10.741935483870968
15.014607254443769,11.129032258064516
15.024563446702793,11.0
15.034481501302256,10.709677419354838
15.0444615819854,11.67741935483871
15.054478291585529,10.580645161290322
15.064778477151881,11.612903225806452
15.074519925050922,10.806451612903226
15.084636127842034,11.935483870967742
15.09448343917849,11.741935483870968
15.104453126301665,11.580645161290322
15.114586176718209,11.451612903225806
15.124478834150977,11.548387096774194
15.134457070815417,10.64516129032258
15.144764464818522,11.67741935483871
15.15453566847392,10.225806451612904
15.16464332172377,11.741935483870968
15.174500691344065,10.290322580645162
15.184644889691866,10.870967741935484
15.19441760208984,10.580645161290322
15.204649558964144,11.0
15.214428976884681,10.935483870967742
15.224776520204113,9.580645161290322
15.23458234111973,10.64516129032258
15.24460508569016,10.838709677419354
15.254437141962793,10.741935483870968
15.264552590382618,10.548387096774194
15.274732747095145,10.225806451612904
15.284583578830945,11.161290322580646
15.29458419517693,10.935483870967742
15.30459260669289,10.741935483870968
15.314532873335834,11.225806451612904
15.324406587667369,10.580645161290322
15.334504098814344,9.935483870967742
15.344557018236298,11.548387096774194
15.354455291544209,11.548387096774194
15.364498655596513,11.838709677419354
15.374520142881465,11.03225806451613
15.384483543577241,11.064516129032258
15.394495391673512,11.419354838709678
15.404720140111065,10.419354838709678
15.414688821405857,11.225806451612904
15.42460645691016,11.612903225806452
15.434456534274673,11.935483870967742
15.4447100326402,11.64516129032258
15.454585507171409,10.67741935483871
15.464403146570538,12.419354838709678
15.474533011863866,12.451612903225806
15.484442097826905,10.419354838709678
15.49478260034765,11.483870967741936
15.504631168969585,11.0
15.514462554689961,10.838709677419354
15.52444489848697,11.580645161290322
15.534587755730257,12.741935483870968
15.544429283553505,11.096774193548388
15.554561411960696,10.741935483870968
15.564441328900601,10.838709677419354
15.57469356998065,10.67741935483871
15.584577342596026,10.387096774193548
15.594575779647178,10.096774193548388
15.604458211158041,11.225806451612904
15.614563601294025,10.451612903225806
15.62443857291104,10.838709677419354
15.63457522754596,11.451612903225806
15.644563773951337,11.064516129032258
15.654446708376392,10.35483870967742
15.66459208019064,10.838709677419354
15.674446180868689,12.0
15.684553834118537,11.612903225806452
15.69458873244861,10.580645161290322
15.704401342705816,13.290322580645162
15.71458133178028,12.548387096774194
15.724617068300674,11.387096774193548
15.734753722935594,12.258064516129032
15.744509587708137,13.290322580645162
15.754414315081513,14.129032258064516
15.764623054083954,14.483870967741936
15.774613109231906,16.129032258064516
15.784486572106346,18.903225806451612
15.794419043579312,19.483870967741936
15.804510100660824,22.322580645161292
15.814480625974321,26.64516129032258
15.824683330006456,37.58064516129032
15.834753097053841,46.29032258064516
15.84443201595501,53.354838709677416
15.854449060831264,62.32258064516129
15.864495610006784,64.3225806451613
15.874408635464329,74.19354838709677
15.884498183803265,79.19354838709677
15.894468876754825,74.7741935483871
15.904657750646681,68.35483870967742
15.914509923486992,59.87096774193548
15.924501990291713,48.064516129032256
15.934529428727936,40.903225806451616
15.944630460274256,34.516129032258064
15.954671645031729,26.967741935483872
15.964626915281402,25.677419354838708
15.974567936295633,22.06451612903226
15.984742980047209,20.193548387096776
15.994407062979713,18.774193548387096
16.00472091104828,17.483870967741936
16.01466444663347,15.64516129032258
16.024610748246722,13.483870967741936
16.03453869349196,13.483870967741936
16.044528329544754,15.193548387096774
16.054417466578176,14.67741935483871
16.06476165713633,15.193548387096774
16.07451986884177,16.516129032258064
16.08447262452048,17.741935483870968
16.094595532834152,18.258064516129032
16.10450914502492,21.774193548387096
16.11440062899124,25.129032258064516
16.124599728805002,26.387096774193548
16.13460964906354,29.903225806451612
16.144465593760287,30.29032258064516
16.15457333082917,27.741935483870968
16.164654413445874,25.903225806451612
16.174451349544096,25.35483870967742
16.18479185206484,21.0
16.19463212260261,19.64516129032258
16.204650508583377,18.0
16.214673085515745,15.903225806451612
16.224486785420368,14.580645161290322
16.23462100930336,14.096774193548388
16.24442624348575,15.290322580645162
16.254550744361033,13.806451612903226
16.264418339903234,13.193548387096774
16.27449581830156,13.806451612903226
16.284400294217843,12.35483870967742
16.294633424558594,14.32258064516129
16.30449087799792,15.35483870967742
16.314734653355735,14.419354838709678
16.32479553558573,13.64516129032258
16.334542683178945,16.032258064516128
16.344542377515577,18.741935483870968
16.354528660807087,20.774193548387096
16.364568420641017,22.29032258064516
16.374494438048522,24.516129032258064
16.384658836783032,27.580645161290324
16.394467256088642,30.129032258064516
16.404771381149498,30.161290322580644
16.414544261185537,28.774193548387096
16.424516714336768,23.258064516129032
16.434452790028114,20.93548387096774
16.444629258703234,19.70967741935484
16.45441546596536,16.70967741935484
16.46444642480093,14.419354838709678
16.47470755069837,15.35483870967742
16.48444857950225,12.580645161290322
16.494551455067274,10.96774193548387
16.504401867707912,12.161290322580646
16.51441891258417,12.32258064516129
16.524707698762167,11.161290322580646
16.534578982341777,10.548387096774194
16.54457188733682,10.612903225806452
16.554412493150714,11.35483870967742
16.564754588233065,10.387096774193548
16.574608269815954,11.870967741935484
16.584682563091064,11.387096774193548
16.59468116778028,11.741935483870968
16.604582961487537,12.709677419354838
16.61445533471456,12.709677419354838
16.624561479221832,13.35483870967742
16.634783377812298,14.483870967741936
16.644428852919695,14.258064516129032
16.654551677414336,15.32258064516129
16.664608703968856,16.193548387096776
16.674455177114993,14.419354838709678
16.684710184223096,13.774193548387096
16.694451883579234,12.870967741935484
16.704693395823185,13.64516129032258
16.71449368468269,12.32258064516129
16.724485164754185,10.774193548387096
16.73461150964817,10.35483870967742
16.74451514737413,9.935483870967742
16.754401937474658,10.193548387096774
16.76453750246216,10.483870967741936
16.774587991132186,10.612903225806452
16.784558013531488,10.806451612903226
16.794472799188704,10.03225806451613
16.804705594253328,10.387096774193548
16.81447302605229,9.774193548387096
16.824694170271464,9.32258064516129
16.834412567936706,9.741935483870968
16.844674029110273,10.096774193548388
16.8545380204341,10.451612903225806
16.864491279027,10.451612903225806
16.874507066617777,10.96774193548387
16.88451388557213,9.903225806451612
16.894600667883008,10.612903225806452
16.90451025676024,11.03225806451613
16.91441213428653,10.03225806451613
16.924557422281744,10.741935483870968
16.93461981325431,10.32258064516129
16.944677845637216,11.0
16.9544270048872,10.774193548387096
16.964667511302768,9.870967741935484
16.9744579095165,10.258064516129032
16.98464410119933,10.096774193548388
16.994509098351536,9.35483870967742
17.004444419671593,9.193548387096774
17.014568752908808,9.903225806451612
17.024606668724033,9.290322580645162
17.03452564533285,10.0
17.04452106489885,10.96774193548387
17.054549090068296,9.709677419354838
17.064471838533553,9.32258064516129
17.07442853370677,8.870967741935484
17.084684043729066,10.419354838709678
17.09444208779644,10.451612903225806
17.104698603647122,10.483870967741936
17.114732412329776,9.0
17.124583160246544,9.225806451612904
17.13447900280253,10.0
17.14464532937478,9.903225806451612
17.154639575474327,9.67741935483871
17.164577159908248,9.838709677419354
17.17461616537089,10.161290322580646
17.184775283506387,10.35483870967742
17.194704066941945,9.419354838709678
17.204618601142066,10.580645161290322
17.21447429438172,9.67741935483871
17.22460550077956,9.806451612903226
17.234497571479103,9.258064516129032
17.244552083462665,8.516129032258064
17.254411213282633,9.67741935483871
17.2645741870936,9.64516129032258
17.274449577805775,10.419354838709678
17.2845356895644,9.64516129032258
17.294485092481832,10.064516129032258
17.304656951110193,9.483870967741936
17.314585566907688,9.838709677419354
17.324768489648275,10.290322580645162
17.334462160699072,9.193548387096774
17.344580291327922,9.612903225806452
17.354413521067002,9.516129032258064
17.364734661391353,9.516129032258064
17.374675263310426,9.774193548387096
17.384732122226882,9.64516129032258
17.394554958405994,9.806451612903226
17.404553227819083,9.419354838709678
17.414410932715505,9.225806451612904
17.424688403324186,10.0
17.434572427396656,9.838709677419354
17.44451437042024,9.483870967741936
17.45444692571224,8.516129032258064
17.464645606430842,9.03225806451613
17.474695676005705,9.0
17.484466376746912,8.096774193548388
17.494572940349347,10.161290322580646
17.504693166453993,9.806451612903226
17.514748935723034,9.516129032258064
17.524575124663425,10.483870967741936
17.53448991032064,9.612903225806452
17.544745085066808,9.387096774193548
17.554748886536007,9.387096774193548
17.564703905328585,10.193548387096774
17.57457585946045,10.516129032258064
17.58456633370356,10.870967741935484
17.59441884182,9.806451612903226
17.604682985202594,9.258064516129032
17.614709417810435,10.161290322580646
17.624671728858793,9.32258064516129
17.63457612095604,10.387096774193548
17.6444464825263,8.935483870967742
17.65453007971396,10.838709677419354
17.664447463761167,9.129032258064516
17.674728035674033,10.129032258064516
17.684402763623602,10.0
17.694577388280017,10.161290322580646
17.704456131753474,9.516129032258064
17.71451818744991,9.225806451612904
17.72463832973553,9.0
17.734593348528104,9.838709677419354
17.744455579652257,10.258064516129032
17.75442132728093,9.387096774193548
17.764728805103065,9.129032258064516
17.77476437398539,9.387096774193548
17.78464026761176,9.161290322580646
17.79442270301745,9.258064516129032
17.804559273833338,9.096774193548388
17.81441278777816,10.129032258064516
17.824754799041482,9.193548387096774
17.834480069867347,9.0
17.84460985134164,9.870967741935484
17.854458336144546,9.935483870967742
17.86458426194337,9.935483870967742
17.87443760825013,8.64516129032258
17.884585913730497,9.64516129032258
17.894550152616592,10.129032258064516
17.90456728131188,8.709677419354838
17.91440000813677,9.806451612903226
17.924561640843226,9.387096774193548
17.934449352953106,8.290322580645162
17.94453714109237,9.935483870967742
17.954496686112673,8.838709677419354
17.96457709817712,8.419354838709678
17.974498840813993,9.35483870967742
17.984791147391338,9.387096774193548
17.994610211714008,9.35483870967742
18.004770587134985,8.838709677419354
18.01469744273281,8.161290322580646
18.024581634443344,9.064516129032258
18.034424922466265,9.193548387096774
18.044705745836225,9.838709677419354
18.054654142925273,8.580645161290322
18.064444708777064,8.451612903225806
18.074603072541272,9.64516129032258
18.08451115267593,9.129032258064516
18.09445837629853,8.451612903225806
18.104519929080777,8.935483870967742
18.114410826313872,9.225806451612904
18.124773457059064,10.129032258064516
18.134413819205513,9.806451612903226
18.144672179074895,9.193548387096774
18.15440398778526,8.838709677419354
18.16466729297753,10.35483870967742
18.174406813038832,8.870967741935484
18.184462666126905,8.741935483870968
18.194573755957066,9.096774193548388
18.20448217136785,10.096774193548388
18.21460466058636,9.161290322580646
18.22468624611726,9.806451612903226
18.23458954856709,9.870967741935484
18.24461816046976,10.258064516129032
18.25449447319129,9.741935483870968
18.26451763685688,9.870967741935484
18.27441465287931,9.870967741935484
18.284657254770682,8.838709677419354
18.294436085957994,9.225806451612904
18.304512642346968,9.161290322580646
18.31461627228328,8.741935483870968
18.324475569741313,9.290322580645162
18.334730828306512,9.612903225806452
18.344495410258386,8.67741935483871
18.3544185778188,8.580645161290322
18.364714823890647,9.709677419354838
18.37455341804778,10.387096774193548
18.38450282096521,9.580645161290322
18.394612904966984,8.96774193548387
18.40468820407048,9.838709677419354
18.414637020254688,10.870967741935484
18.424554823397056,9.612903225806452
18.43447530874845,10.419354838709678
18.444508279240786,10.741935483870968
18.45453446039153,11.35483870967742
18.464525186091738,11.935483870967742
18.47442270502836,11.64516129032258
18.484622475394378,14.35483870967742
18.494432235804496,14.64516129032258
18.50444710138592,14.96774193548387
18.514437910905162,16.06451612903226
18.524616726513177,18.225806451612904
18.53450921630788,20.387096774193548
18.544611756596776,22.387096774193548
18.554412129275313,23.903225806451612
18.564587843579144,26.06451612903226
18.574434484363344,29.032258064516128
18.584760150915425,30.096774193548388
18.59477208283073,32.193548387096776
18.60455166838933,34.354838709677416
18.614485648604873,34.96774193548387
18.62452918029524,33.54838709677419
18.634524851318336,36.774193548387096
18.644536028862355,35.74193548387097
18.65451082894648,34.12903225806452
18.66449702841896,34.32258064516129
18.674527316702275,34.58064516129032
18.684512761803465,32.83870967741935
18.694579092270537,30.387096774193548
18.704539978395353,28.516129032258064
18.714517376869473,24.64516129032258
18.724400227475495,23.451612903225808
18.734690187119945,19.677419354838708
18.744626178992256,18.451612903225808
18.754467958272603,17.70967741935484
18.764737549892274,16.548387096774192
18.77444739801625,16.580645161290324
18.784600565000474,15.451612903225806
18.79443614167245,15.03225806451613
18.804798185684415,15.580645161290322
18.814517840635137,15.387096774193548
18.82449448473797,16.35483870967742
18.83472845326904,16.70967741935484
18.844564365217146,17.322580645161292
18.854497004328177,18.483870967741936
18.86458638502905,18.870967741935484
18.874408550655904,23.161290322580644
18.88474712533891,26.548387096774192
18.894606758073074,30.161290322580644
18.904621120740305,33.45161290322581
18.91452366881885,35.03225806451613
18.92473835897256,33.516129032258064
18.934544179888178,35.38709677419355
18.9445506635664,33.67741935483871
18.954799719523233,29.838709677419356
18.964447457744498,29.516129032258064
18.97442703551345,23.806451612903224
18.98471506732016,19.903225806451612
18.994487276803945,18.06451612903226
19.004413210392418,16.322580645161292
19.014491694619128,14.935483870967742
19.024777882407136,13.161290322580646
19.034587475179194,12.580645161290322
19.044463871719753,11.35483870967742
19.05465073395484,11.387096774193548
19.064466864611394,10.67741935483871
19.07458038519348,10.709677419354838
19.08444546616472,9.870967741935484
19.09451590376436,11.290322580645162
19.10450537217909,9.129032258064516
19.11465208509785,9.741935483870968
19.1244598338512,9.806451612903226
19.134627333889895,9.096774193548388
19.144563493400273,9.225806451612904
19.15445154078628,9.516129032258064
19.16454377133424,10.387096774193548
19.174601133164888,10.03225806451613
19.184523043439825,9.258064516129032
19.194795820182712,10.580645161290322
19.204524527588887,10.290322580645162
19.214512151984913,8.903225806451612
19.224532717260512,9.516129032258064
19.234552947259985,10.129032258064516
19.244528082620242,10.483870967741936
19.254787280679945,9.290322580645162
19.264677758817882,10.0
19.27455742430069,11.483870967741936
19.284445723143794,10.451612903225806
19.29454708996624,9.806451612903226
19.30442650399195,11.806451612903226
19.31450817334188,9.064516129032258
19.32453200755973,9.774193548387096
19.33440882319545,9.838709677419354
19.34468512033768,10.516129032258064
19.35447803312237,8.709677419354838
19.36456774909937,9.387096774193548
19.3746449760406,9.451612903225806
19.38476360958364,9.774193548387096
19.39467127062314,9.03225806451613
19.40463157001473,10.0
19.414434457264225,8.419354838709678
19.424783509326232,8.483870967741936
19.434753950820696,9.935483870967742
19.444698911329432,9.193548387096774
19.454426026174,8.32258064516129
19.464730821787114,8.709677419354838
19.47476085861333,9.580645161290322
19.484539103067416,8.451612903225806
19.4945397194134,9.0
19.504753236100665,8.935483870967742
19.514568444747866,10.129032258064516
19.524707697772776,9.419354838709678
19.534588285264938,8.870967741935484
19.54467062516712,9.838709677419354
19.554721113837147,8.483870967741936
19.56451059004152,9.451612903225806
19.57470667237013,8.32258064516129
19.584502435001905,8.161290322580646
19.594423087991363,8.548387096774194
19.604657140341466,8.806451612903226
19.614632778615913,8.903225806451612
19.624659127404723,8.806451612903226
19.63464189029689,8.806451612903226
19.644651559098328,7.709677419354839
19.654485962303855,9.709677419354838
19.664659162036727,8.516129032258064
19.674589957129058,9.451612903225806
19.68451061011851,9.096774193548388
19.694518434901248,8.161290322580646
19.704497677394073,9.32258064516129
19.714497371730705,8.451612903225806
19.724504106866025,8.612903225806452
19.734563312715377,9.67741935483871
19.744535179133386,9.290322580645162
19.75452037277748,8.548387096774194
19.764625846732496,8.96774193548387
19.774502494730154,8.483870967741936
19.784555749428232,8.548387096774194
19.79441856728561,10.064516129032258
19.804767954623745,9.096774193548388
19.814439832726226,8.483870967741936
19.824595765738504,8.451612903225806
19.83445145897816,9.548387096774194
19.84473387490973,9.290322580645162
19.85465310297564,9.548387096774194
19.864577779278633,8.451612903225806
19.874601194401322,8.096774193548388
19.884461330049675,9.32258064516129
19.894527744335775,8.903225806451612
19.9047374891666,9.193548387096774
19.91457775970437,8.64516129032258
19.924563791538784,8.903225806451612
19.93446977619764,8.516129032258064
19.944559827450767,8.935483870967742
19.95459346849536,8.290322580645162
19.964736996290906,8.903225806451612
19.97444592240553,8.096774193548388
19.98467653817532,10.0
19.994408933618907,9.064516129032258
20.004639549388695,9.35483870967742
20.01461786987217,7.967741935483871
20.024792745985682,7.451612903225806
20.034706693452577,8.806451612903226
20.044527685612984,8.225806451612904
20.05452117734125,8.32258064516129
20.064450212233904,7.870967741935484
20.074515620691624,9.225806451612904
20.084511207895687,8.129032258064516
20.09442616119097,7.935483870967742
20.10455644557946,8.064516129032258
20.11440786404848,8.451612903225806
20.124525324125074,7.870967741935484
20.134523593538162,8.290322580645162
20.144544829366016,8.806451612903226
20.15440035496761,8.35483870967742
20.164526196947403,8.935483870967742
20.174490771109625,8.387096774193548
20.184432546495145,8.516129032258064
20.194704065952553,8.838709677419354
20.204710801087874,8.483870967741936
20.214760451567578,8.225806451612904
20.22466174236064,8.419354838709678
20.234691779186857,7.741935483870968
20.24443037723881,8.193548387096774
20.25455697358989,9.258064516129032
20.264435800882378,8.419354838709678
20.274723078317802,8.67741935483871
20.284797371592912,8.0
20.294610484764313,9.806451612903226
20.3045312215728,9.129032258064516
20.314709366628563,8.483870967741936
20.324454418745976,9.129032258064516
20.33460909447278,9.258064516129032
20.344438887631544,9.225806451612904
20.354541176463346,9.580645161290322
20.364604992359457,7.935483870967742
20.37452933338632,8.709677419354838
20.384629610561355,8.225806451612904
20.39452226799412,8.870967741935484
20.40452020213108,8.709677419354838
20.414687199255585,8.806451612903226
20.424623191127896,8.064516129032258
20.43467435035018,8.67741935483871
20.444772448230378,7.741935483870968
20.45449126499078,8.290322580645162
20.464511411171216,7.903225806451613
20.4744114446788,7.516129032258065
20.484620770414466,7.67741935483871
20.494522396483656,7.967741935483871
20.504423519638657,9.096774193548388
20.51446101635872,7.709677419354839
20.52479866903238,8.548387096774194
20.534699289273185,8.774193548387096
20.544452388017675,9.064516129032258
20.55452299325538,8.741935483870968
20.564596951254362,8.806451612903226
20.574481981155216,8.451612903225806
20.58457731300736,8.935483870967742
20.594552699824714,9.387096774193548
20.604555411646498,10.290322580645162
20.61451193918165,10.225806451612904
20.62447802208645,9.193548387096774
20.634633703641633,10.290322580645162
20.644522421579897,11.516129032258064
20.654647760645496,13.387096774193548
20.664567994539794,13.580645161290322
20.674469201513826,14.741935483870968
20.684656147567946,14.419354838709678
20.694583170803835,16.258064516129032
20.704512708610682,15.806451612903226
20.71459991001672,15.903225806451612
20.72469046418404,14.161290322580646
20.734542301748224,13.806451612903226
20.744505870082065,11.935483870967742
20.754413698759624,11.67741935483871
20.764740119682994,10.870967741935484
20.77464786454152,10.870967741935484
20.784585951889632,10.129032258064516
20.79446259988729,9.838709677419354
20.80475892977817,10.064516129032258
20.814452349371873,9.741935483870968
20.82462370508604,10.35483870967742
20.834595990599208,10.129032258064516
20.844786121776544,9.612903225806452
20.85451943922948,9.451612903225806
20.864621560423217,9.612903225806452
20.874622428226296,8.741935483870968
20.884601754538153,8.225806451612904
20.894518887128264,8.741935483870968
20.90477355896024,8.548387096774194
20.914466056544594,7.645161290322581
20.92474092876328,8.612903225806452
20.934472569835577,7.387096774193548
20.94455951978452,8.387096774193548
20.954419739251904,8.451612903225806
20.964717745523426,8.193548387096774
20.974449889509913,8.451612903225806
20.984745045934346,7.903225806451613
20.994455564610575,7.67741935483871
21.004581909504562,8.548387096774194
21.014505831436264,8.03225806451613
21.024483565186515,8.03225806451613
21.034617369974345,8.225806451612904
21.044453114284384,8.838709677419354
21.054483318748666,7.903225806451613
21.06473908022806,7.290322580645161
21.074586140107417,8.451612903225806
21.084451640173818,8.258064516129032
21.09443121794277,7.548387096774194
21.104738192850714,8.387096774193548
21.11457460771301,7.387096774193548
21.12450263677728,9.193548387096774
21.134447932562146,8.774193548387096
21.14461065491602,7.387096774193548
21.154475149154035,8.67741935483871
21.16469964613449,8.870967741935484
21.174732197531664,8.225806451612904
21.18441513974637,8.03225806451613
21.194718426616905,9.709677419354838
21.20446381401045,8.387096774193548
21.214480020696385,9.612903225806452
21.2247091277236,9.419354838709678
21.234649059090415,9.096774193548388
21.244595276884635,8.903225806451612
21.25453101729985,9.451612903225806
21.264608328060113,10.935483870967742
21.27457348895556,10.0
21.284553234362576,10.612903225806452
21.29468494367461,9.67741935483871
21.30451783813756,9.612903225806452
21.31453077588125,10.838709677419354
21.324650163795578,10.709677419354838
21.334520609184864,11.516129032258064
21.34449197268868,13.03225806451613
21.354749494367745,13.419354838709678
21.37461611369432,14.387096774193548
21.38474555989249,13.870967741935484
21.394599073837313,13.838709677419354
21.404719048484864,14.0
21.414500058967008,12.806451612903226
21.424592540972064,11.870967741935484
21.434477822330017,13.161290322580646
21.444648675129994,10.483870967741936
21.454424572651185,11.774193548387096
21.464486544528594,10.548387096774194
21.47459570652102,11.870967741935484
21.484465816634177,11.612903225806452
21.49456818928501,12.870967741935484
21.504628317143712,12.903225806451612
21.514599680647528,12.548387096774194
21.524446237612697,13.03225806451613
21.534510640242033,12.516129032258064
21.544434897449865,13.064516129032258
21.55462092149463,12.709677419354838
21.564674930564,12.193548387096774
21.5745488125336,13.870967741935484
21.584432417510914,13.193548387096774
21.59451408686084,12.0
21.60478728269889,12.225806451612904
21.614645574328538,11.774193548387096
21.624615512908807,11.612903225806452
21.6346198172922,10.580645161290322
21.644595204109553,9.225806451612904
21.65442910440089,10.03225806451613
21.66473633076593,8.870967741935484
21.6746266412658,8.612903225806452
21.684761451882018,8.419354838709678
21.694634411842266,8.225806451612904
21.704640727882424,7.645161290322581
21.71459826124596,7.612903225806452
21.724483626422945,8.32258064516129
21.734483404578608,7.967741935483871
21.74476255156793,7.483870967741935
21.75474036913721,8.483870967741936
21.764506459831658,7.580645161290323
21.774540352333347,8.290322580645162
21.784696955897882,8.161290322580646
21.794461537849752,7.774193548387097
21.804690477238903,8.774193548387096
21.814637197947313,7.645161290322581
21.824489454606656,8.774193548387096
21.834413041262234,8.96774193548387
21.844665785256474,8.548387096774194
21.854563890926322,8.709677419354838
21.864419919442106,7.419354838709677
21.874444591850274,7.870967741935484
21.88466322149849,7.548387096774194
21.89443652062969,7.741935483870968
21.90465649138242,7.451612903225806
21.91442325262912,7.387096774193548
21.924643139562818,6.870967741935484
21.93447905151092,8.548387096774194
21.944623836591944,7.32258064516129
21.95464415041045,7.967741935483871
21.964600426488506,8.548387096774194
21.974465004545554,7.870967741935484
21.984567544834448,8.35483870967742
21.99457729745492,8.612903225806452
22.00452527544881,7.032258064516129
22.014655140742136,7.935483870967742
22.024491136509273,9.35483870967742
22.034514803089056,9.064516129032258
22.044679537099697,9.03225806451613
22.054491812080776,9.35483870967742
22.064746986826947,9.548387096774194
22.07456990682509,9.548387096774194
22.084462061343665,10.258064516129032
22.09458966352313,10.225806451612904
22.104518363139658,10.161290322580646
22.11444144688104,9.258064516129032
22.124610874757472,8.67741935483871
22.13448760657416,10.258064516129032
22.144755186537065,10.096774193548388
22.154554218111087,10.806451612903226
22.16441435375944,10.580645161290322
22.17456802365786,10.96774193548387
22.18467794002157,11.548387096774194
22.19448560495589,12.193548387096774
22.204768691439714,12.806451612903226
22.214629665278384,12.612903225806452
22.224770929960066,11.193548387096774
22.234591670663377,11.935483870967742
22.244798649466144,12.483870967741936
22.254449069896435,13.193548387096774
22.264785297646544,13.870967741935484
22.274799576494747,12.419354838709678
22.284712350495194,13.258064516129032
22.294647001262994,11.419354838709678
22.304585088611105,13.451612903225806
22.314534742985632,13.32258064516129
22.324749516958377,14.32258064516129
22.334582998154552,17.161290322580644
22.34450742300045,16.903225806451612
22.35452589280025,18.322580645161292
22.364512762824987,17.548387096774192
22.37460398754456,18.06451612903226
22.384450963604888,18.35483870967742
22.394400953255545,18.29032258064516
22.404656463277842,18.838709677419356
22.414693624721778,17.903225806451612
22.424587120344864,16.419354838709676
22.43450567785852,16.419354838709676
22.44441141106028,15.483870967741936
22.454660969931304,15.290322580645162
22.46450668870615,12.64516129032258
22.474686929237713,11.290322580645162
22.484681929708554,11.612903225806452
22.494783128892937,11.0
22.504617532098464,10.129032258064516
22.514444978324338,10.580645161290322
22.524797299328593,9.580645161290322
22.534558696157248,9.483870967741936
22.54445805911258,9.258064516129032
22.554534866958647,10.516129032258064
22.5644518319107,8.870967741935484
22.574474492662098,9.387096774193548
22.584482987997088,10.903225806451612
22.594406407014603,12.516129032258064
22.604664850703017,12.161290322580646
22.614428007731345,13.580645161290322
22.62464906813149,13.290322580645162
22.634657647285515,14.451612903225806
22.644654324136994,14.03225806451613
22.654405830319874,13.451612903225806
22.664625549615504,12.193548387096774
22.67455793726944,13.290322580645162
22.684431986877104,11.96774193548387
22.694604264600624,10.32258064516129
22.704667661401576,10.35483870967742
22.71453081453508,9.709677419354838
22.724619021769506,8.774193548387096
22.734572531819506,8.483870967741936
22.74446544070937,8.096774193548388
22.754542416193505,7.741935483870968
22.76469893593901,8.35483870967742
22.774525543974562,9.096774193548388
22.784505708476736,8.516129032258064
22.794751160215192,7.451612903225806
22.804417757718657,7.516129032258065
22.814469252217066,7.032258064516129
22.824756864928617,7.096774193548387
22.83440041219828,7.483870967741935
22.84472389945553,8.03225806451613
22.854665926298146,7.096774193548387
22.864516338938785,7.096774193548387
22.874435734642763,8.709677419354838
22.884532323780384,8.870967741935484
22.894585494659434,7.032258064516129
22.904512182619193,7.193548387096774
22.914583961323345,8.290322580645162
22.924656913493944,7.354838709677419
22.93453607606256,7.290322580645161
22.94455245038656,7.870967741935484
22.954579469727626,7.483870967741935
22.964501882916753,6.838709677419355
22.974547258625826,7.483870967741935
22.984774856910466,7.741935483870968
22.994625269551104,7.935483870967742
23.004593783207834,7.451612903225806
23.01456355415004,7.806451612903226
23.02452276389422,7.774193548387097
23.034541066055954,8.129032258064516
23.044518967444265,7.193548387096774
23.05449653355645,7.290322580645161
23.06449354568406,8.516129032258064
23.074587871707816,7.967741935483871
23.0844941916428,7.903225806451613
23.094415179908385,7.32258064516129
23.104521575872752,7.709677419354839
23.11453610617805,7.838709677419355
23.124735708906,7.354838709677419
23.13455636579028,8.193548387096774
23.14450778036448,7.354838709677419
23.154604201864043,7.32258064516129
23.164460733294018,8.838709677419354
23.174562183935496,6.741935483870968
23.184445202179585,7.32258064516129
23.194503569838616,7.419354838709677
23.204423049361626,7.806451612903226
23.214557692339778,7.580645161290323
23.224560068885435,6.903225806451613
23.234437052159215,7.774193548387097
23.24458602819184,7.935483870967742
23.254576418615923,8.129032258064516
23.264581561189633,7.870967741935484
23.274431638554145,8.387096774193548
23.284780690616152,8.451612903225806
23.29470821676623,8.35483870967742
23.30469894246644,8.903225806451612
23.314691260728257,9.67741935483871
23.324403288147064,10.64516129032258
23.33466374349225,9.35483870967742
23.34472127296096,9.67741935483871
23.354531703923335,10.35483870967742
23.364443304457335,11.290322580645162
23.374532936615307,10.774193548387096
23.384695072235953,11.32258064516129
23.39455629753172,11.483870967741936
23.40468716865343,12.96774193548387
23.414574126392026,13.774193548387096
23.424594607848594,14.32258064516129
23.43455557779244,14.516129032258064
23.444606904652787,14.935483870967742
23.45440300256069,16.032258064516128
23.46469229165288,15.96774193548387
23.474437679046424,18.225806451612904
23.48442815328954,15.838709677419354
23.49477661861832,17.870967741935484
23.50466374399498,17.483870967741936
23.51465715190421,16.741935483870968
23.52449717098488,18.451612903225808
23.534542211417826,15.451612903225806
23.54445565597053,16.322580645161292
23.554437245396247,16.741935483870968
23.564778250831186,15.03225806451613
23.57479487661228,15.0
23.584570355038313,15.129032258064516
23.59442579682087,13.35483870967742
23.604711733151785,13.548387096774194
23.61457362899981,12.903225806451612
23.624507357758258,12.483870967741936
23.63443832048865,13.419354838709678
23.644798185205786,12.35483870967742
23.65477918789828,11.064516129032258
23.664614261656066,13.0
23.674470122533783,12.451612903225806
23.684656984768875,10.129032258064516
23.694572860073507,11.838709677419354
23.70443903069216,12.451612903225806
23.714627150212728,10.35483870967742
23.724484184556896,10.580645161290322
23.734445573595906,9.903225806451612
23.74446982690891,9.580645161290322
23.754604805163194,9.32258064516129
23.764698879729856,9.32258064516129
23.774420043423152,9.35483870967742
23.784695334737002,8.096774193548388
23.794410128183866,8.67741935483871
23.80458684831608,8.67741935483871
23.814611772181344,7.225806451612903
23.824494036054144,7.645161290322581
23.834613340149442,7.354838709677419
23.844573220445874,7.612903225806452
23.8546465078926,7.612903225806452
23.864510583035457,7.354838709677419
23.87458990545249,7.032258064516129
23.884636957542202,8.03225806451613
23.89447974265093,7.290322580645161
23.904664760867313,7.064516129032258
23.91459010772256,7.354838709677419
23.924541354658697,6.967741935483871
23.93441154859089,7.548387096774194
23.94455373528192,7.354838709677419
23.954468269482042,7.225806451612903
23.9645437362236,7.32258064516129
23.9744993417494,6.967741935483871
23.984517224815978,7.225806451612903
23.994471489237267,8.451612903225806
24.00468450301034,7.548387096774194
24.014615968654923,7.451612903225806
24.024639467596643,7.935483870967742
24.044451939828544,8.935483870967742
24.05444870049906,8.35483870967742
24.064777133079193,8.774193548387096
24.07467180216873,7.903225806451613
24.084751208404793,8.612903225806452
24.094558957158146,8.741935483870968
24.10454490517353,9.64516129032258
24.114560273669145,9.419354838709678
24.12444438156065,9.419354838709678
24.13456058435176,10.935483870967742
24.144748703872327,9.612903225806452
24.154521248632243,10.838709677419354
24.16440510506665,10.64516129032258
24.17459247021593,12.258064516129032
24.18471412124412,10.96774193548387
24.194651873316104,10.67741935483871
24.204620554610898,11.096774193548388
24.214471218708635,11.741935483870968
24.224563030161434,9.161290322580646
24.234405647632098,9.161290322580646
24.24472050152905,9.064516129032258
24.254580469539338,8.516129032258064
24.264539846921576,8.96774193548387
24.274412387786665,7.741935483870968
24.284631268891978,7.32258064516129
24.294507162518347,7.387096774193548
24.304661670607082,7.741935483870968
24.314411081314162,7.967741935483871
24.324617892478866,6.548387096774194
24.334424467765768,8.709677419354838
24.34473546598725,8.161290322580646
24.35466098048056,7.096774193548387
24.364786990098416,6.645161290322581
24.374559283401233,6.870967741935484
24.384428639143106,6.741935483870968
24.394525312099763,6.806451612903226
24.40440246301161,7.193548387096774
24.414634336066882,6.225806451612903
24.424516432301616,8.096774193548388
24.434403725316336,7.32258064516129
24.44464414791287,6.870967741935484
24.454507971598634,8.161290322580646
24.464487465548554,7.741935483870968
24.4747480885318,7.645161290322581
24.484639740136185,7.516129032258065
24.494457044259185,6.870967741935484
24.504460426633226,7.806451612903226
24.514793385441088,6.580645161290323
24.52458428656901,7.419354838709677
24.534512902366505,7.096774193548387
24.54464176183145,7.0
24.554600552480466,8.903225806451612
24.564474853545224,7.903225806451613
24.574617710788512,8.064516129032258
24.584469464533665,7.032258064516129
24.594428339001713,6.967741935483871
24.604750736611546,7.741935483870968
24.614792256645146,7.419354838709677
24.62448944809529,7.645161290322581
24.6345553594672,7.258064516129032
24.64463828610261,6.774193548387097
24.65444092189501,6.935483870967742
24.664489901822456,6.709677419354839
24.674643906997,7.387096774193548
24.68451946534724,6.741935483870968
24.694647570440896,7.32258064516129
24.70450728699409,7.709677419354839
24.714457192825712,6.354838709677419
24.724629973463426,6.870967741935484
24.73462019624944,7.580645161290323
24.744505393788362,7.258064516129032
24.75458329128185,6.580645161290323
24.764668397212088,7.161290322580645
24.774412946415314,6.806451612903226
24.784702570783633,5.838709677419355
24.794408144136977,7.064516129032258
24.804424518460976,6.354838709677419
24.81444944232624,6.806451612903226
24.824715429727537,6.483870967741935
24.83466030641724,7.0
24.844733090949777,5.806451612903226
24.854585766704282,7.645161290322581
24.86453005666076,6.838709677419355
24.874615330229066,7.193548387096774
24.884778220221,7.064516129032258
24.89479157705985,7.548387096774194
24.904428837902113,7.645161290322581
24.914449486996745,7.096774193548387
24.924718575702226,6.709677419354839
24.934524396617842,7.096774193548387
24.94470622971101,7.580645161290323
24.954407360655658,7.516129032258065
24.964652058022825,6.838709677419355
24.974593162856088,7.064516129032258
24.984419603253578,7.548387096774194
24.99452834615084,7.225806451612903
25.004438102666136,8.32258064516129
25.01467668124397,6.870967741935484
25.024449477460976,6.903225806451613
25.034664502890816,6.67741935483871
25.044477113148027,7.516129032258065
25.054656096394105,7.548387096774194
25.06451078380538,6.548387096774194
25.074540736812562,6.935483870967742
25.084748889081776,7.645161290322581
25.0944077752343,7.096774193548387
25.104553901419834,7.483870967741935
25.114461394821266,7.161290322580645
25.124514146605154,5.838709677419355
25.13449774768764,7.193548387096774
25.144539770635433,6.580645161290323
25.15446880552809,6.419354838709677
25.164545278098032,6.741935483870968
25.17445344205172,7.32258064516129
25.184777264585097,7.774193548387097
25.194598256745504,6.419354838709677
25.20478796882768,6.870967741935484
25.214723709242897,7.258064516129032
25.22452785377787,7.096774193548387
25.234584964151423,7.903225806451613
25.244695215791264,7.903225806451613
25.25440464482008,7.193548387096774
25.264650850929826,6.483870967741935
25.274503861960458,7.161290322580645
25.28440842169577,6.838709677419355
25.294701650282466,6.870967741935484
25.30461551393033,6.67741935483871
25.31449283248024,6.709677419354839
25.324551619234434,5.903225806451613
25.334598252228986,7.225806451612903
25.34450373397365,6.67741935483871
25.354526897639243,6.354838709677419
25.36445618398899,7.096774193548387
25.374414387904785,6.419354838709677
25.384649697540368,7.483870967741935
25.394449902580842,7.806451612903226
25.404745561919466,6.709677419354839
25.414672668974386,7.419354838709677
25.424652162924303,7.032258064516129
25.434542724881272,7.0
25.44446002510945,8.161290322580646
25.454683264804427,6.516129032258065
25.464528732122176,6.935483870967742
25.474710229939216,6.67741935483871
25.484488474393306,7.032258064516129
25.49443293198785,7.967741935483871
25.504499346273953,6.258064516129032
25.51460733479993,6.516129032258065
25.524459675278305,6.741935483870968
25.534573279679424,7.387096774193548
25.54462251106397,6.903225806451613
25.554583313369754,6.870967741935484
25.564557945815817,7.161290322580645
25.57458697681365,7.032258064516129
25.584646350301064,5.709677419354839
25.59449567329429,7.032258064516129
25.604684631005178,7.387096774193548
25.61469849075822,6.870967741935484
25.624445638351432,6.903225806451613
25.634597380412114,6.67741935483871
25.644561870755304,6.806451612903226
25.654426197355257,7.354838709677419
25.664463023523066,6.67741935483871
25.67444193073976,6.451612903225806
25.684673552337937,7.129032258064516
25.694506530619922,7.161290322580645
25.704673611563457,7.193548387096774
25.71449787266611,8.516129032258064
25.72474449787102,8.096774193548388
25.734718795040955,7.290322580645161
